"lipton tea bags",5
"pickle chips",2
"french fries",12
bananas,Produce
"liquid dish detergent",9
"raisin english muffins",11
"stir-fry vegetable mix",12
"pie crust",13
"pinto beans",2
"finish powerball quantum tabs",9
"chili seasoning mix",4
"mott's apple juice",6
"beneful chicken",8
oatly,"Back Wall"
"long cucumber",Produce
"vanilla pudding mix",4
"petite peas",12
"sliced black olives",2
"vanilla ice cream cups",13
"butter beans",2
"poland spring water",6
pepcid,"Hbc 4l"
"smart balance original buttery spread",13
flour,4
"raisin bread",11
"artesano sausage rolls",11
"tri-color tortilla strips",2
pimentos,3
"incredibites cans",8
"orange marmalade",11
"enchilada sauce",3
"puffed wheat",5
peanuts,1
"apple pie (frozen)",12
"english muffins",11
"honey bear",5
"kozy shack tapioca pudding",13
"heinz homestyle turkey gravy",4
"incredibites beef",8
corn,12
"blue dog treats",8
"taste of inspirations crumbled feta cheese",Deli
hamburger,Meat
coffee,5
"breyers vanilla ice cream",13
"chicken thighs",Meat
"boneless chicken breasts",Meat
"ocean spray cranberry juice cocktail",6
"ham steak",Meat
"olive oil",4
"new england clam chowder",3
"whole pork tenderloin",Meat
"lays potato chips",2
"raisin bran crunch",5
"tortilla chips",2
"tater tots",12
"chili seasoning",4
"campbell chunky soup",3
"grape tomatoes",Produce
"chocolate ice cream cups?",13
"coors beer stubby 18-pack",1
"small yellow mustard",2
"chocolate syrup",5
"fettuccini alfredo ",12
"rice krispies",5
"chicken gravy",4
"breyers chocolate chip ice cream",13
"pepcid ac","Hbc 4l"
"martin's sandwich rolls",11
"outshine chocolate dairy bars",13
"taco shells",3
"dog training treats",8
"breyers oreo cookie ice cream",13
"chicken stuffing mix",4
"viva signature cloth 6-pack",10
pickles,2
cheerios,5
"pie crusts",13
"bone-in strip steak",Meat
"loaf pumpernickel",11
"club soda",6
"granola bars",5
"pepperidge farm goldfish",3
"dishwasher detergent pods",9
"honey mustard dressing",2
"contadina pizza sauce",4
"krusteaz cranberry orange muffin mix",4
"swiss cheese slices",13
"tomato soup",3
"brussels sprouts",Produce
"cream of chicken soup",3
"oyster crackers",3
"potato sticks",1
"stouffer's fettuccini alfredo",12
"sliced olives",2
"chicken tenders",Meat
"cut corn",12
"rice pilaf",4
"half and half","Back Wall"
"tide pods",9
"red cabbage",Produce
"pineapple rings",5
"tropical fruit",5
"package split chicken breasts",Meat
"frozen blueberries",12
rotini,4
"thin sliced swiss cheese",13
"beneful cans",8
"pear halves",5
"chocolate pudding mix",4
"ginger ale",6
"chicken noodle soup",3
bagels,11
"soft cream cheese tub",13
"polish ham",Deli
"jambalaya mix",4
"chinet bowl 16-ounce classic white",10
"oui yogurt",13
"temptations ",8
"pineapple tidbits",5
batteries,"Front End"
"grated parmesan cheese",4
"box of ziti or penne",4
"krusteaz chocolate chunk cookie mix",4
"oreo chocolate marshmallow cookies",3
incredibites,8
mayonnaise,2
"apricot halves",5
"baked beans",2
"hillshire farm sandwich ham",Meat
charcoal,9
"kidney beans",2
"spaghetti sauce",4
"honey oat crunchy granola bars",5
"incredibites chicken",8
"jell-o chocolate pudding snacks",13
"bag apples",Produce
"dijon mustard",2
yogurt,13
"elbow macaroni",4
kleenex,10
"heavy or whipping cream","Back Wall"
tortillas,3
"extra strength tylenol",Pharm
"rana cheese ravioli",Deli
"outshine tangerine bars",13
"pork chops",Meat
"green giant corn",12
"bag of navel oranges",Produce
"ocean spray cran-grape juice ",6
"fancy feast",8
"peanut butter",11
"extra light olive oil",4
linguini,4
gruel,1
"petite diced tomatoes",4
applesauce,5
"corn tortillas",3
cabbage,Produce
"sausage rolls",11
"vegetable  juice",6
"klondike ice cream bars",13
"frosted shredded wheat",5
"refried beans",3
"krusteaz peanut butter cookie mix",4
"corn starch",4
"pepperidge farm turnovers",13
"precooked bacon",Meat
ketchup,2
"outshine coffee bars",13
"barbecue sauce",2
pepperoni,Deli
"cranberry-apple juice",6
"cookie dough",13
"smartfood white cheddar popcorn",2
pie,13
"fresh step extreme odor control cat litter",8
"frosted flakes",5
"progresso manhattan clam chowder",3
"trash bags",10
"diet dr pepper",6
butter,13
"facial tissue",10
"acorn squash",Produce
"cheez whiz",13
"ocean spray cran-raspberry juice ",6
"yellow cake mix",4
"egg noodles (in plastic bag)",3
"sweet onions",Produce
eclairs,Bakery
"bag clementines",Produce
triscuits,3
peaches,5
"smart balance",13
sauerkraut,2
"bag of carrots",Produce
"sour cream",13
"cherry vanilla ice cream",13
"chunky peanut butter",11
"birds eye steamfresh premium broccoli florets",12
"corned beef round",Deli
bugles,1
"thomas english muffins",11
"chinet 12 5/8"" platters",10
"cranberry sauce",5
"poop bags",8
"gorton fish fillets",12
"whole white mushrooms",Produce
"purple onion",Produce
"spanish rice mix",4
"chicken drumsticks",Meat
"boneless ny sirloin",Meat
"taste of inspirations roasted garlic pasta sauce",4
"cream of mushroom soup",3
v8,6
"rainbow pepper pack",Produce
avocados,Produce
"brownie mix",4
"pastrami ",Deli
"corn syrup",4
"large sweet potato",Produce
"boboli 12in thin crust pizza crust",4
"cat wipes",7
"greenhouse seedless cucumber",Produce
"stouffer's homestyle macaroni & cheese",12
"kellogg raisin bran crunch cereal",5
asparagus,Produce
"paul piazza peeled & deveined wild gulf shrimp",Seafood
"broccoli crown",Produce
"box au gratin or scalloped potatoes",2
"maple and brown sugar oatmeal",5
"pancake syrup",5
"hot dog buns",11
"balsamic vinegar",2
"stew beef 1-2 lbs",Meat
"peach pie filling",4
"rachael ray indoor cat food",8
"ice cream",13
"white pita",Bakery
spaghetti,4
eggs,"Back Wall"
"ranch dressing",2
"chocolate frosting",4
"diet coke",6
"orange juice","Back Wall"
"whipped topping",13
"chocolate cake mix",4
"ritz crackers",3
pears,5
"taco sauce",3
"yellow onions",Produce
"kellogg corn pops",5
"eggo waffles",12
"walkers pure butter shortbread",3
pecans,4
"kraft yellow velveeta slices",13
"nabisco oreo pie crust",4
strawberries,12
milk,"Back Wall"
"bag of mixed candy for you to take to church",2
"frozen raspberries",12
"kahiki orange chicken",12
peas,12
"bag of potatoes",Produce
relish,2
"sara lee artesano",11
chili,2
"green giant peas",12
"two cheese pizza blend shredded cheese",13
"cool whip",13
"training bites",8
"clog remover",9
"raspberry or pink lemonade","Back Wall"
bread,11
"beneful beef",8
"mexican shredded cheese",13
"cheeze balls",2
"diced tomatoes",4
"lima beans, frozen bag",12
"martin's rolls",11
"iceberg lettuce",Produce
"biscuits in can",13
"butterscotch pudding mix",4
"hot italian sausage",Meat
"diet root beer",6
"greek dressing",2
"hormel pepperoni sliced",Meat
"jell-o temptations lemon meringue",13
